comp_code_emp;employee_code_emp;employee_name_emp;GEN(M_F);age
1;9875;Dawson Crawford;M;25
ELMO;206;Bryce Bennett;F;28
83;29417;Robert Lewis;M;24
83;18879;Terence Buck;M;35
83;18883;Kevin Walker;M;35
83;30696;Freddy Guerra;M;26
83;24864;Samuel Clark;M;28
83;24866;Jonathan Thompson;M;23
ELMO;26528;Chase Bailey;F;33
83;9371;Benjamin Gonzalez;M;37
83;16834;Dylan Lopez;M;20
83;24407;Bryant Pearson;M;33
1;27261;Brent Delgado;M;23
1;24213;Josiah Hunt;M;38
1;30681;Alonso Singleton;M;25
83;31823;Vaughn Lynn;M;18
83;33029;Kara Coleman;F;21
ELMO;26734;Mark Bell;M;24
ELMO;25379;Trevor Cooper;M;31
83;26193;Jacob Smith;M;38
1;8477;Luke Parker;M;38
83;31290;Hamza Lozano;M;34
83;25322;Michael Johnson;M;30
83;25648;Noah Harris;M;34
83;23007;Christopher Jones;M;25
83;18876;Joseph Garcia;M;24
83;23198;Andrew Davis;M;18
83;31961;Jalon Sanford;M;22
83;26830;Daniel Rodriguez;M;22
83;27127;Joshua Brown;M;25
1;28000;Elijah Mitchell;M;23
1;28537;Maximilian Hines;M;23
1;28507;Deven Farmer;M;19
1;30802;Anton Brennan;M;23
1;31887;Isaak Spence;M;24
1;29182;Rodolfo Acosta;M;22
1;27810;Steven Carter;M;18
1;31358;Mikel Arias;M;21
1;27040;Andres Henry;M;23
1;28129;Ahmad Adkins;M;20
1;25014;Mario Simpson;M;19
2;30157;Cesar Porter;M;18
2;30399;Dillon Jimenez;M;24
2;28165;Derick Davenport;M;22
ELMO;31038;Austen Sawyer;M;21
83;25634;Nicholas Miller;M;32
1;32162;Andrea Chaney;F;30
1;33116;Carmen Patel;F;24
1;30441;Nelson Cummings;M;38
83;30367;Alexander Jackson;M;42
129;31148;Tristian Ware;M;36
129;31956;Rey McPherson;M;34
129;32921;Savanna Chavez;F;32
1;28484;Aron Petersen;M;27
1;29631;Kane Bryan;M;30
1;29733;Scott Olson;M;23
1;32458;Audrey Scott;F;18
1;32238;Catherine Williams;F;26
1;32900;Tara Simpson;F;37
1;31267;Don Weeks;M;27
1;27747;Kristopher Chen;M;34
ELMO;30225;Spencer Price;M;33
ELMO;27042;Jesus Reed;M;33
83;29060;Justin Martin;M;29
1;9134;Mohamed Blake;M;26
83;18441;Austin White;F;20
83;32208;Olivia McGrath;F;28
83;13719;Nathan Robinson;M;25
ELMO;28231;Lucas Ward;M;23
ELMO;30785;Milton Horn;M;23
ELMO;28228;Jeremy Cox;M;25
ELMO;29834;Tanner Gray;M;19
ELMO;29884;Kenneth James;M;21
ELMO;29891;Stephen Reyes;M;19
ELMO;29895;Jake Cruz;F;22
ELMO;30170;Isaac Roberts;M;21
ELMO;31551;Maverick Villa;M;23
ELMO;32257;Mary Esparza;F;19
ELMO;32722;Valerie James;F;21
ELMO;31667;Michelle Haney;F;21
ELMO;31863;Jovany Villegas;M;19
ELMO;31864;Kale Proctor;M;20
ELMO;31866;Nicklaus Hester;M;22
ELMO;31868;Zander Cantrell;M;19
ELMO;25434;James Moore;M;23
83;32387;Briana Jones;F;18
83;32027;Augustus Hanna;M;19
83;31861;Dontae McCann;M;22
83;33099;Genesis Wagner;M;24
83;28235;Gordon Bradford;M;21
83;29838;Kyle Young;M;20
83;29836;Jose Hall;M;19
83;29837;Jason Sanchez;M;19
83;29886;Caleb Allen;M;20
83;28767;Thomas Perez;M;21
129;33010;Kylee Hamilton;F;20
129;32899;Esmeralda Jordan;F;19
129;32931;Amaya Reynolds;F;22
129;32160;Jennifer Duke;F;22
129;31611;Dewayne Peck;M;23
129;31718;Mariano Benton;M;24
1;23736;Eliseo Blanchard;M;25
1;28234;Kurt Decker;M;22
1;28630;Dalton Brooks;M;20
1;31136;Jamari Small;M;23
1;30040;Zion Walsh;M;25
1;28250;Russell Valdez;M;23
1;29720;Gilberto Gallagher;M;18
1;31461;Prince Harding;M;21
1;32261;Danielle Braun;F;21
1;31513;Bronson Pineda;M;21
2;32244;Gabrielle Gay;F;18
1;33222;Celeste Ryan;F;22
1;32155;Vanessa Cowan;F;21
1;33020;Patricia Alvarez;F;23
1;33073;Eva Hoffman;F;18
1;30395;Deon Greer;M;19
1;30695;Cordell Mathis;M;21
1;33013;Elena Freeman;F;22
1;29803;Grant Hamilton;M;23
1;30192;Gregory Chavez;M;19
1;31660;Paxton Ali;M;23
1;24941;Gage Snyder;M;23
1;30390;Lane Schultz;M;32
1;31789;Harvey Choi;M;36
1;28758;Sebastian Kelly;M;22
1;27024;Blake Gomez;M;20
129;30795;Cruz Abbott;M;25
83;27945;Cristopher Rivas;M;33
83;29765;Brandon Martinez;M;21
83;32504;Zoe Brown;F;20
ELMO;28729;Antonio Howard;M;25
ELMO;31901;Braiden Beltran;M;18
1;28775;Aidan Barnes;M;31
1;31406;Camren Mahoney;F;29
1;31540;Ryley Gould;F;22
1;32356;Caroline Davies;F;31
1;33063;Aliyah Tran;F;28
1;24358;Garret Barber;M;37
83;29648;Zachary Taylor;M;21
83;27602;Matthew Williams;M;28
83;31189;Antwan Russo;M;30
83;31359;Ryder Bartlett;M;37
83;12346;John Anderson;M;19
83;31103;Brooks Baxter;F;22
83;28590;William Wilson;M;19
ELMO;20523;Gavin Diaz;M;25
ELMO;20521;Miguel Richardson;M;25
129;30866;Ignacio Boone;M;26
129;32813;Kristen Rivera;F;22
2;30330;Pablo Walters;M;32
1;27497;Alfredo Little;M;22
1;32213;Sara Gamble;F;20
1;29958;Travis Fisher;M;22
1;29418;Bennett Yang;M;22
2;28445;Emmanuel Rose;M;37
1;31776;Kian Yu;M;25
1;31828;Isidro Estes;M;31
1;32493;Lily Mitchell;F;34
1;32781;Desiree Russell;F;22
1;28809;Jermaine Figueroa;M;27
1;33070;Rose Knight;F;31
ELMO;20091;Alejandro Watson;F;32
ELMO;23821;Marcus Myers;M;32
83;31160;Conrad Golden;M;22
83;26010;Brian Scott;M;37
83;26640;Adam Green;M;21
83;30983;Greyson Hutchinson;M;24
83;29415;Luis Hill;M;38
ELMO;27981;Victor Hughes;M;25
ELMO;31998;Brant Dickson;M;30
1;26053;Diego Owens;M;37
1;31666;Jeff Huber;M;22
1;32291;Kaylee Bolton;F;27
1;32479;Meghan Edwards;F;35
1;33022;Juliana Jimenez;F;21
1;31489;Heriberto Clements;M;35
1;32943;Jazmin Woods;F;33
1;30837;Winston Marks;M;29
1;29250;Silas Clayton;M;30
1;30562;Julien Kirk;M;38
1;23472;Deshawn Tate;M;21
1;23329;Brayan Saunders;M;36
1260;24792;Amir Sharp;M;31
1;29477;Julius Miranda;M;28
1;28656;Joey Wang;M;25
1;26909;Erick Boyd;M;32
2;25835;Conner Mills;M;31
1;32913;Christine Ford;F;22
1;29036;Noe Hammond;M;30
1;30331;Liam Bryant;M;31
1;23376;Antoine Morrow;M;28
1;26288;Oscar Reynolds;M;18
1;27833;Mauricio Bowen;M;23
ELMO;3034;Jared Evans;M;22
83;15966;Anthony Hernandez;M;25
129;32847;Alexia Gray;F;27
129;31877;Barrett Dudley;M;20
129;32249;Isabella Ritter;F;26
1;32111;Jessica Hooper;F;26
1;31731;Andreas Oconnell;M;21
1;33045;Macy Tucker;F;21
1;30799;Bernard Farrell;M;24
1;18105;Jeffrey Morales;M;28
1;30679;Lamar Bruce;M;19
1;31350;Kelton Randolph;M;23
2;23182;Deandre McCoy;M;20
1;31694;Blaise Moyer;M;24
1;31768;Adrien Chung;F;24
1;30467;Tucker Garrett;M;25
1;30116;Corbin Soto;M;28
1;29665;Danny Hanson;M;19
1;29678;Keegan Dean;M;18
1;29683;Myles Sims;M;21
2;32427;Mikayla Hall;F;25
2;32439;Cassidy Perez;F;27
2;32571;Diana Walker;F;18
2;32729;Julie Henderson;F;23
2;32203;Brooke Riddle;F;26
2;31254;Jacoby McCall;M;26
2;31486;Phoenix Crosby;M;24
2;30463;Saul Weber;M;19
2;30324;Ricky Welch;M;28
2;31336;Korey Mora;M;22
2;31340;Josh Gillespie;M;26
2;31341;Deshaun Calhoun;M;21
2;31343;Vernon Ellison;M;19
2;30111;Arturo Fuller;M;25
2;29407;Damon Burton;M;20
1;25759;Marquis Luna;F;20
ELMO;28746;Julian Wood;M;25
1;28054;Zackery Holt;M;36
1;29232;Dashawn Wilcox;M;27
1;23444;Brodie Hayden;M;30
1;30178;Alvin Curry;M;18
1;28830;Jamal Norris;M;29
1;27752;Lukas Vaughn;M;37
1;23899;Marvin Contreras;M;24
1;23753;Francis Doyle;M;35
1;25763;Ross Fitzgerald;M;28
1;32612;Erika Campbell;F;25
1;32003;Francesco Madden;M;31
1;28119;Kade Hardy;F;34
1;29051;Jarod Ramsey;M;23
1;29776;Kristian Swanson;M;29
1;18144;Ezequiel McKenzie;M;25
1;25859;Tylor Serrano;M;37
ELMO;23436;Sean Turner;M;20
ELMO;11892;Timothy Torres;M;26
129;31048;Gianni Henson;M;25
129;31125;Keagan Wilkerson;M;26
129;31389;Judah Sexton;M;24
129;31023;Frankie Stephenson;M;20
129;32431;Kylie Lewis;F;35
129;33080;Camille Schmidt;F;23
1;29256;Deonte Calderon;M;29
1;29239;Romeo Gallegos;M;23
1;32206;Shelby Bright;M;24
1;32202;Melissa Cuevas;F;33
1;18003;Wyatt Gutierrez;M;23
1;31944;Sarah Whitney;F;30
1;31463;Nathen Zuniga;M;35
1;32063;Amber Frey;F;35
1;31687;Alessandro Benjamin;M;26
1;29329;Manuel Webb;M;29
1;27242;Cristian Washington;M;33
1;32211;Christina Murillo;F;27
1;31978;Elizabeth Pollard;F;32
2;31511;Luciano Case;M;37
2;23143;Blaze Ayers;M;34
129;32256;Jasmine Odom;F;20
129;31888;Herbert Coffey;M;25
129;31044;Jaydon Wiley;M;21
129;31383;Jamel Gaines;M;29
129;31375;Porter Durham;M;20
129;31011;Jefferson Koch;M;26
1;25408;Lorenzo Wong;M;21
1;23339;Allan Cannon;M;26
1;27201;Tomas Hodges;M;23
1;27952;Jaxon Gill;M;35
1;23242;Ramon Pena;M;22
1;27590;Joe Banks;M;24
1;21591;Walker Simon;M;25
1;21650;Mateo Dennis;M;35
1;29783;Uriel Juarez;M;25
1;30541;Titus Randall;M;29
1;28795;Wade Wolf;M;27
1;28619;Davion Malone;M;35
2;30128;Edgar Romero;M;23
2;23307;Brady Meyer;M;26
2;28359;Sergio Hicks;M;38
1;28216;Trenton Dixon;M;28
1;27555;Arthur Santos;M;23
1;28844;Francisco Gibson;M;31
1;23656;Max Vasquez;M;24
1;23677;Brandan Cantu;M;25
1;33064;Meredith Castro;F;23
1;31953;Lauren Zavala;F;24
1;21599;Roman Curtis;M;24
1;31970;Jane Silva;F;36
1;21604;Brycen Stout;M;33
1;30810;Chaz Salas;M;37
1;33041;Adrianna Murray;F;23
83;11109;Aiden Sandoval;M;21
129;31380;Tevin Gentry;M;38
129;31818;Lloyd Finley;M;33
129;32344;Haley Andersen;F;24
129;32797;Summer Morgan;F;28
129;32844;Lydia Reed;F;34
129;32488;Sabrina Thomas;F;37
129;32570;Katie Martin;F;35
129;32658;Molly Jackson;F;28
129;32717;Hope Peterson;F;24
129;32770;Brittney Cooper;F;23
129;33038;Claudia Gonzales;F;31
129;32953;Maggie Graham;F;36
129;33023;Makenzie Kim;F;23
129;33159;Alexus Dixon;M;21
129;33165;Kirsten Robertson;F;34
129;32328;Hailey McNeil;F;34
129;32399;Isabel Moore;F;25
129;32476;Mia Hernandez;F;30
129;32262;Natalie Travis;F;36
129;32307;Alexandra Hinton;F;28
129;32166;Katherine Huerta;F;35
129;32169;Amanda Archer;F;36
129;32180;Julia Downs;F;22
129;32196;Savannah Zhang;F;35
129;31977;Bruno Ponce;M;36
129;31870;Ean Schmitt;M;21
129;31910;Javonte Donaldson;M;22
129;32154;Kaitlyn Hatfield;F;36
129;32158;Nicole Benitez;F;26
129;32021;Donavon Faulkner;M;36
129;31394;Dario Sloan;M;32
129;31155;Stephan Gilmore;M;36
129;31161;Maximillian Beard;M;28
129;31162;Fredrick Suarez;M;20
129;31165;Kurtis Hobbs;M;21
126;26443;Chad Berry;M;25
126;25836;Nolan Palmer;M;34
126;25918;Colby Duncan;M;36
126;25360;Josef Stark;M;23
126;24781;Malachi Shelton;M;38
83;27749;Isaiah Adams;M;25
83;25058;Garrison Garrison;M;28
122;24574;Isiah Chambers;M;35
122;25294;Emilio Lowe;M;22
122;24128;Zechariah Mathews;M;38
129;32857;Hayley Bailey;F;24
122;23813;Rodney Powers;M;30
122;23890;Donovan Ryan;M;20
26;18113;Davon Rowe;M;37
9;23178;Joel Perry;M;34
1;23891;Damian Medina;M;30
1;9889;Braxton Estrada;M;36
1;24838;Jeffery Beck;M;32
1;23693;Mason Flores;M;20
1;23694;Richard Morris;M;27
1;23701;Bryan Rivera;M;27
1;23724;Patrick Murphy;M;33
1;23734;Carlos Nguyen;M;33
1;23723;Ismael Lambert;M;35
1;27977;Ezekiel Vega;M;31
1;25178;Tyson Wade;M;25
1;26078;Brendon Rhodes;M;22
1;26618;Darius Peters;M;32
1;27060;Eddie Byrd;M;32
1;25131;Brody Caldwell;M;22
1;28945;Emanuel Stanley;M;31
1;28946;Maurice Craig;M;27
1;28954;Marcos Ray;M;36
1;29001;Keaton Becker;M;31
1;29015;Branden Barnett;M;22
1;29343;Salvador Bates;M;38
1;29153;Tristen Guerrero;M;34
1;28022;Conor Barker;M;36
1;28041;Kody Gregory;M;25
1;28116;Jack Baker;M;29
1;28190;Bobby Watts;M;24
1;28405;Trevon McDaniel;M;26
1;28481;Santiago Cohen;M;32
1;28664;Esteban Ortega;M;31
1;27416;Marlon Chan;M;23
1;23387;Tyree Wise;M;27
1;18009;Neil Mejia;M;37
1;23327;Devan Ayala;M;20
1;18044;Jarrod Bauer;M;38
1;32179;Sierra Kaiser;F;23
1;31141;Marcel McClain;M;25
1;32408;Margaret Allen;F;22
1;22487;Ariana Young;F;28
1;25295;Monica Reyes;F;37
1;23125;Carly Cruz;F;24
1;32668;Bianca Hughes;F;27
1;25268;Axel Jennings;M;33
1;30019;Jon Maldonado;M;23
1;30806;Ayden Hodge;M;28
1;30865;Aldo Vincent;M;37
1;29426;Will Harrington;M;31
1;29431;Cyrus Yates;F;30
1;29450;Mohammed Hartman;M;28
1;29458;Quincy Norman;M;23
1;29472;Colten Sparks;M;32
1;29473;Ray Mueller;M;33
1;29971;Jerome Barton;M;30
1;29972;Koby Leon;M;31
1;29977;Keenan McGuire;M;24
1;29978;Jonas Patton;M;28
1;30006;Ernest Bowers;M;31
1;30007;Kieran Gibbs;F;36
1;30008;Alonzo Glover;M;38
1;30009;Keyshawn Buchanan;M;29
1;30153;Dwayne Pope;M;20
1;30155;Stanley Osborne;M;23
1;30156;Donte Kramer;M;23
1;30164;Pierce Hampton;M;25
1;30174;Adan Waters;M;27
1;30177;Elliott Robles;M;31
1;30229;Toby Flynn;M;22
1;30230;Tyrell Ingram;M;21
1;30381;Kolby Lindsey;M;31
1;30384;Osvaldo Salinas;M;21
1;29839;Leonard Deleon;M;24
1;29898;Ramiro Schroeder;M;20
1;29903;Wayne Maxwell;M;31
1;29843;Harold Hogan;M;36
1;29500;Wilson Clarke;M;34
1;29651;Coleman Lloyd;M;37
1;29655;Dale Norton;M;26
1;28620;Rolando Cobb;M;20
1;23355;Devonte Parsons;M;33
1;28614;Leonel McCormick;M;28
1;28618;Eugene Strickland;M;36
1;28874;Leon Frank;M;31
1;28879;Gilbert Tyler;M;32
1;29002;Jadon Floyd;M;38
1;29010;Tristin French;M;35
1;29044;Dangelo Conner;M;27
1;29172;Coby Moody;M;34
1;29317;Harry Casey;M;29
1;30430;Declan Marsh;M;37
1;30101;Alvaro Logan;M;28
1;30765;Barry Huffman;M;37
1;30869;Misael Delacruz;M;35
1;30871;Quinten Oneill;M;34
1;30872;German Melton;M;36
1;30873;Jaren Camacho;M;22
1;30874;Latrell Dillon;M;23
1;30875;Roland Parrish;M;25
1;30878;Jude Boyer;F;31
1;30881;Perry Shields;M;32
1;30882;Hassan Glenn;M;20
1;30885;Rigoberto Lin;M;22
1;30887;Jovan Hancock;M;36
1;30889;Octavio Grimes;M;28
1;31007;Devante Kemp;M;25
1;31009;Clark Prince;M;26
1;31016;Arnold Mosley;M;38
1;31017;Thaddeus Hurst;M;37
1;31019;Reynaldo Huang;M;30
1;31209;Glen Villanueva;M;28
1;31273;Benny Bradshaw;M;25
1;31276;Jamil Livingston;M;21
1;31277;Giovanny Nielsen;M;31
1;31279;Finn Middleton;M;29
1;31280;Dominik Glass;M;35
1;30699;Kole Cline;M;37
1;30700;Rhett Atkins;M;37
1;30701;Kamron Roy;M;33
1;30705;Darrius Hensley;M;33
1;31093;Keyon Woodard;M;22
1;31096;Adonis Jacobson;M;32
1;31143;Nick Nolan;M;33
1;31144;Jarvis Roach;M;33
1;31145;Ulysses Lam;M;27
1;23755;Marshall Nunez;M;20
1;23195;Damion Moss;M;24
1;27512;Ezra Quinn;M;22
1;31537;Darrin Michael;M;21
1;31681;Dan Krueger;M;22
1;31115;Sammy Merritt;F;23
1;31301;Kristofer Leblanc;M;35
1;31363;Samir McLean;M;21
1;32622;Gabriela Baker;F;22
1;23254;Brayden Schmidt;M;32
1;23239;Trent Carroll;M;26
1;24921;Colton Jenkins;M;30
1;28218;Andy Daniels;F;37
1;28601;Giovanni Ferguson;M;29
1;28413;Rafael Bradley;F;25
1;28819;Troy Hoffman;M;38
1;28883;Abel Frazier;M;38
1;28965;Gerardo Gardner;M;36
1;29248;Keith Grant;M;31
1;29249;Phillip Moreno;M;34
1;29714;Jonathon Hart;M;32
1;29144;Caden Lane;M;22
1;28968;Ruben Fernandez;M;31
1;28971;Cade Arnold;M;21
1;28975;Calvin Dunn;M;26
1;28978;Ronald Nichols;M;34
1;29018;Enrique Hawkins;M;30
1;29121;Eli Knight;M;30
2;28361;Griffin Hudson;M;31
2;28534;Kenny Gross;M;22
2;28586;Frank Weaver;M;22
2;25887;Kobe Johnston;M;30
2;27118;Landon Patel;M;21
2;28219;Shaun Fleming;M;31
2;23215;Jaylen Castro;M;34
2;23180;Pedro Stephens;M;36
2;24145;Abraham Kelley;M;21
2;24558;Mike Carey;M;20
2;22997;Derrick Spencer;M;21
2;21241;Braden Herrera;M;27
2;25404;Armando Andrews;M;23
1;31604;Aden Pace;M;27
1;29951;Donald Tran;M;26
1;29993;Nikolas Sutton;M;30
1;30326;Johnny Armstrong;M;29
1;30373;Raul Hansen;M;22
1;30435;Edwin Fox;M;36
2;23757;Ernesto Leonard;M;22
2;30058;Marc Cunningham;M;28
2;30063;Cory Elliott;M;20
2;28969;Trey Pierce;M;33
2;31421;Colt Lowery;M;35
2;30374;Chance Payne;F;38
2;31138;Dallin Wu;F;22
1;32926;Kristina Marshall;F;32
1;33169;Alissa Stephens;F;35
1;32397;Maya Wright;F;32
1;31061;Abram Blankenship;M;23
1;23754;Bruce Navarro;M;25
1;24170;Camden Parks;F;21
1;23250;Craig Santiago;M;32
1;31685;Javion Richmond;M;30
1;31491;Trevion Dodson;M;33
1;23831;Alan Tucker;M;24
1;24388;Anastasia Lane;F;26
1;32963;Kyla Burns;F;29
1;32759;Naomi Jenkins;F;36
1;32777;Alondra Ortiz;F;38
1;23935;Paige Osborn;F;23
1;24404;Tristan Powell;M;31
1;31873;Dillion Daugherty;M;22
1;31876;Kylan Bray;M;36
1;31880;Donnell Cherry;M;23
1;31477;Chaim Mayer;M;21
1;31269;Raymundo Hendricks;M;36
1;31512;Darrion Donovan;M;26
1;31519;Nikhil McConnell;M;35
1;31713;Bradly Frye;M;32
1;30531;Shiobhan Michaels;F;36
1;30582;Kolton Collier;M;24
1;30760;Moshe Christian;M;24
1;30761;Deangelo Jefferson;M;34
1;30818;Geoffrey Rosales;M;32
1;30821;Elisha York;F;37
1;30536;August Whitaker;M;32
1;30995;Kory McClure;M;31
1;29991;Owen Ford;M;21
1;29738;Erik Murray;M;30
1;29412;Omar Marshall;M;29
1;23417;Jade Green;F;31
1;32006;Alyssa Jarvis;F;21
1;32543;Angelica Morris;F;35
1;32643;Britney Flores;F;24
1;27504;Darren Reid;M;31
1;28651;Charlie McGee;M;26
1;28488;Mariah Duarte;F;36
1;28443;Reed Garner;M;34
1;28446;Franklin Manning;M;37
1;28464;Holden Burgess;M;26
1;29767;Duncan Paul;M;36
1;27927;Jaquan Newton;M;24
1;27418;Triston Harmon;M;20
1;22406;Blaine Reese;F;35
1;28095;Braeden Francis;M;37
1;28097;Trinity Lutz;F;38
1;28015;Jarrett Fields;M;27
129;31166;Earl McDowell;M;33
129;31163;Lincoln Walter;M;24
129;31021;Dion Liu;M;37
129;31656;Nash Cisneros;M;27
129;31661;Amos Crane;M;33
129;32039;Brennon Bonilla;M;25
129;32049;Emma Bird;F;21
129;31952;Korbin Church;M;30
129;32165;Megan Lucero;M;31
129;32013;Jamir Sheppard;M;33
129;31745;Clint Farley;M;27
129;32310;Grace Terrell;F;27
129;32279;Victoria Riggs;F;26
129;32487;Alexa Rodriguez;F;33
129;32473;Jada Miller;F;24
129;32726;Daisy Murphy;F;31
129;32594;Claire Garcia;F;21
129;32655;Laura Davis;F;27
1;28771;Vincent Patterson;M;37
1;29129;Shane Henderson;M;22
1;29046;Dominic Simmons;M;25
1;29048;Colin Coleman;M;22
1;28875;Derek Jordan;M;32
1;23725;Domenic Vaughan;M;36
1;31480;Hugh Fry;M;33
1;31989;Hannah Werner;F;35
1;31990;Madison Krause;F;36
1;31992;Emily Irwin;F;25
1;32338;Makayla Shea;F;29
1;32320;Faith Barajas;F;24
1;32858;Ava Sullivan;F;27
1;32902;Valeria Ruiz;F;34
1;32905;Lauryn Kennedy;F;27
1;33154;Rylee Hawkins;F;36
1;33142;Marisa Hudson;F;35
1;33147;Liliana Bradley;F;22
1;33153;Kristin Carroll;F;33
1;31053;Kayden Whitehead;M;30
1;30803;Leroy Savage;M;34
1;30805;Talon Wiggins;M;36
1;31070;Khalid Bullock;M;33
1;31328;Marcelo McIntosh;M;28
1;31344;Nico Ho;M;28
1;31347;Rashawn Pennington;M;30
1;31524;Rocky Meza;M;26
1;31468;Turner Shah;M;38
1;31407;Jaxson House;M;20
1;31777;Maximiliano Woodward;M;20
1;31529;Tyshawn Everett;M;24
1;31531;Deontae Pugh;M;24
1;32157;Madeline McKnight;F;38
1;29871;Demetrius Park;M;28
1;31062;Mitchel Barry;M;37
1;31102;Carlton Stafford;M;24
1;31063;Dylon Orozco;M;35
1;33114;Priscilla Herrera;F;33
1;33067;Vivian Nichols;F;21
1;33098;Whitney Ferguson;F;27
129;32525;Tiffany Gonzalez;F;23
129;31026;Stone Ibarra;F;23
1;27409;Alfonso Carrillo;M;34
1;23257;Tre Larsen;M;32
1;26091;Jaylon Oconnor;M;30
1;27137;Jonah Warren;M;26
1;31030;Dexter Kline;M;37
1;31372;Duane Fitzpatrick;M;28
1;18119;Ashley Petty;F;21
1;29387;Kaleb Ellis;M;33
1;21643;Felipe Blair;M;27
1;21662;Elian Cross;F;23
1;23147;Oliver May;F;37
1;28460;Sawyer Goodwin;M;26
1;28444;Elliot Avila;M;32
1;28812;Darrell Todd;M;21
1;28817;Beau Campos;M;28
122;23889;Tommy Schneider;M;34
1;21625;Fidel David;M;27
1;23732;Nathaniel Edwards;M;25
4;17942;Jorge Russell;M;34
1;27245;Cedric Molina;M;30
1;27926;Jordon Fischer;M;25
1;28136;Kendrick Potter;M;34
1;28143;Issac Brady;M;31
1;28303;Lee Sherman;M;25
1;28306;Jarred Chang;M;38
1;28334;Mohammad Webster;M;37
1;28178;Rosa Richards;F;20
1;28352;Solomon Mullins;M;24
1;28132;Joan Herring;F;33
1;27955;Sam Walton;M;36
1;28040;Moses Christensen;M;32
1;26562;Jace Brewer;F;34
1;28120;Angelo Bowman;M;37
129;31662;Myron Ashley;M;36
129;31664;Omari Best;M;19
129;31729;Keshaun Friedman;M;18
129;31035;Landen Rich;M;34
129;30853;Jett Charles;M;23
129;30855;Keon Allison;M;37
129;32391;Kelsey Wilson;F;28
129;32394;Kathryn Martinez;F;29
129;32288;Sydney Rollins;F;32
129;32270;Destiny Galloway;F;31
129;32251;Rachel Joyce;F;38
129;31730;Ladarius McKay;M;31
129;32010;Fred Rasmussen;M;35
129;31941;Maxim Levy;M;21
129;32041;Demarco Cordova;M;22
129;32026;Lawson Burch;M;32
129;32669;Alexandria Taylor;F;26
129;32576;Leslie Anderson;M;28
129;32765;Isabelle Rogers;F;20
129;32794;Veronica Cook;F;20
129;33168;Yesenia Hunter;F;25
129;33026;Jasmin Simmons;F;21
129;33039;Selena Patterson;F;30
129;33128;Julianna Romero;F;31
1;25984;Kyler Day;M;37
1;26474;Malik Hunter;M;32
1;23173;Todd Daniel;M;34
1;23200;Gaige McMahon;M;29
1;21668;Neal Dunlap;M;23
2;24863;Martin Wagner;M;35
1;29055;Ricardo West;M;31
1;29056;George Ramos;M;27
1;29185;Eduardo Graham;M;28
1;29485;Peter Kim;M;25
1;29492;Collin Alexander;M;32
1;29736;Henry Gonzales;M;36
1;23465;Brett Burns;M;23
1;32436;Ana Stewart;F;34
1;33084;Alaina Willis;F;30
1;23783;Kailey Berry;F;28
1;31478;Trystan Rush;M;36
1;32393;Mckenzie Collins;F;21
1;32398;Crystal Parker;F;37
1;32301;Lillian Turner;F;35
1;32318;Kiara Torres;F;23
1;33160;Kira Hansen;F;26
1;32987;Kate Wells;F;23
1;32737;Kendra Butler;F;35
1;32602;Madelyn Carter;F;31
1;32613;Heather Roberts;F;35
1;28807;Shawn Cole;M;34
1;28808;Mitchell Griffin;M;22
1;31570;Emerson Avery;M;34
1;29487;Bradley Wallace;M;36
1;31002;Dimitri Dyer;M;24
1;18037;Imani Armstrong;F;30
1;31982;Vincenzo Rowland;M;33
1;30027;Dane Chandler;M;38
1;28423;Norman Gates;M;24
1;32992;Mallory Ellis;F;33
1;32993;April Stevens;F;29
1;21652;Grayson Holland;M;21
1;31410;Kirk McFarland;M;26
1;31466;Carlo Potts;M;34
1;31369;Maximus Conrad;M;30
1;31471;Gino Arroyo;M;28
1;31473;Johan Valentine;M;25
1;31329;Sincere Hickman;F;23
1;31332;Elmer Noble;M;35
1;31326;Heath Spears;F;23
1;31291;Gaven Reilly;M;32
1;31293;Jabari Hebert;M;22
1;31075;Ellis Meadows;F;23
1;31173;Marquez Solomon;M;30
1;31176;Ari Velez;F;32
1;31181;Cornelius Odonnell;M;30
1;31060;Antony Escobar;M;25
1;31190;Austyn Kerr;F;24
1;31052;Deondre Knox;M;22
1;29688;Theodore Lucas;M;26
1;27306;Walter Newman;M;34
1;24824;Carl Davidson;M;22
129;31046;Gunner Humphrey;M;30
1;31782;Jaeden McCarty;M;36
1;22422;Edward Ortiz;M;18
1;32946;Gianna Crawford;F;36
2;31576;Xzavier Giles;M;38
2;30973;Cortez Oneal;M;37
1;31088;Syed Shannon;M;32
2;29881;Roberto Stone;M;29
2;29883;Hector Holmes;M;28
1;29710;Harrison Black;M;20
1;29912;Marco Robertson;M;22
1;32780;Mya Sanders;F;24
1;32783;Alejandra Foster;F;31
1;31810;Rasheed Nixon;M;34
1;32193;Kimberly Vang;F;33
1;29027;Micheal Fowler;M;37
1;29953;Levi Shaw;M;21
2;29896;Wesley Mason;M;26
1;29893;Jakob Gordon;M;36
1;29698;Malcolm Vazquez;M;22
1;29690;Jayson Schwartz;M;23
1;31692;Donnie Rivers;M;25
1;32509;Jillian Nelson;F;25
1;32510;Alicia Hill;F;20
1;32606;Caitlyn Adams;F;24
1;32424;Amy Robinson;F;25
1;30233;Brenden Perkins;M;34
1;30328;Zane Silva;M;33
1;30172;Israel Aguilar;M;25
1;31264;Giancarlo Hardin;M;20
1;31129;Destin Preston;M;26
1;30524;Raphael Houston;M;22
1;30546;Jamar Conley;M;29
1;29220;Muhammad Copeland;M;21
1;30746;Darnell Dickerson;M;29
2;23735;Cooper Riley;M;30
2;27495;Juan Nelson;M;38
2;30231;Elias Carpenter;M;33
2;30858;Darion Nash;M;32
2;30754;Izaiah Bond;M;27
2;31483;Efren Hurley;F;27
2;30528;Rohan Hood;M;33
2;30554;Kareem Huff;M;34
2;31547;Gideon Mays;M;24
2;31527;Jovani McMillan;M;30
1;23706;Paul Long;M;33
ELMO;23171;Evan Phillips;M;27
129;31020;Karson Khan;M;28
129;31028;Stephon Macias;M;22
129;31031;Shayne Keith;M;26
129;31034;Nestor Andrade;M;21
129;31270;Jordy Melendez;M;21
129;31278;Jackie Herman;M;25
129;31281;Trever Rocha;M;18
129;31302;Alexandro McIntyre;M;21
129;30857;Tariq Atkinson;M;22
129;33104;Jayla Boyd;F;22
129;33014;Amelia Cole;F;20
129;33016;Serena Hayes;F;28
129;33030;Kyra Alexander;F;28
129;33037;Kathleen Wallace;F;23
129;32958;Delaney West;M;28
129;32796;Kaitlin Diaz;F;28
129;32816;Daniela Ward;F;27
129;32817;Angelina Cox;F;24
129;32843;Bethany Gomez;F;27
129;32855;Sophie Wood;F;23
129;32853;Michaela Howard;F;18
129;32848;Karen Kelly;F;18
129;32779;Karina Richardson;F;25
129;32736;Sofia Watson;F;21
129;32725;Diamond Brooks;F;27
129;32490;Cassandra Lee;F;28
129;32520;Gabriella White;F;18
129;32714;Cynthia Bennett;F;22
129;32030;Branson Mata;M;21
129;32035;Alexzander Arellano;M;20
129;32037;Hernan Waller;M;20
129;32043;Bo Maddox;M;21
129;32023;Alek Montes;M;20
129;32053;Rebecca Mayo;F;28
129;31872;Jamarcus Compton;M;20
129;31817;Rick Moses;M;27
129;31820;Xander Sosa;M;25
129;31869;Kamren Novak;M;22
129;31889;Rowan Costa;M;27
129;31895;Genaro Stanton;M;23
129;31909;Aric Kaufman;M;20
129;32168;Chloe Hays;F;18
129;32201;Stephanie Fritz;F;19
129;32222;Allison Ewing;F;26
129;32331;Maria Branch;F;21
129;32332;Sophia Mooney;F;21
129;32527;Leah Thompson;F;28
129;32529;Erica Harris;F;21
129;32465;Lindsey Clark;F;26
1;23703;Cole Cook;M;18
1;25789;Connor Ramirez;M;28
1;23697;Jackson Rogers;M;25
1;23699;Ian Morgan;M;18
1;23700;Garrett Peterson;M;23
2;18015;Brendan Foster;M;21
2;22983;Jeremiah Sanders;M;25
2;18085;Xavier Ross;M;24
9;23001;Maxwell Butler;M;21
122;24877;Zackary Matthews;M;28
1;29694;Kai Baldwin;M;26
1;29697;Davis Graves;M;21
1;29844;Nathanael Ball;M;27
1;29845;Terrell Cortez;M;20
1;29739;Graham Love;M;25
1;29741;Desmond Horton;F;25
1;30117;Roy Reeves;M;18
1;30181;Khalil Moran;M;25
1;29872;Orlando Klein;M;22
1;29846;Guillermo Zimmerman;M;25
1;29880;Reece Bush;M;19
1;29947;Noel Robbins;M;23
1;30708;Stuart Trevino;M;23
1;30711;Kellen Heath;F;26
1;30461;Douglas Carr;M;27
1;30476;Willie Higgins;M;20
1;30479;Jean Pittman;M;21
1;30868;Travon Villarreal;M;20
1;30933;Santos Snow;M;24
1;25692;Davin Vance;M;23
1;30969;Grady Macdonald;M;23
1;30808;Dillan Valencia;M;26
1;30723;Junior Callahan;M;25
1;30758;Shemar Dalton;F;18
1;32167;Katelyn Holder;F;28
2;30971;Estevan Zamora;M;18
1;32768;Hanna Price;F;26
1;32849;Brenda Myers;F;23
1;31572;Royce Bentley;M;21
1;31747;Isai Horne;M;21
1;31257;Lonnie Morse;M;18
1;31510;Tyrek Shepard;M;19
1;28039;Marquise Carson;F;28
1;28003;Gunnar Briggs;M;24
1;28005;Isaias Cochran;M;20
1;27407;Hudson Short;F;26
1;27187;Darryl Solis;M;26
1;29342;Dorian Joseph;M;28
1;29113;Quinton Lyons;M;27
1;29080;Leo McCarthy;M;23
1;29066;Davonte Galvan;M;19
1;29069;Kevon Erickson;M;28
1;29025;Hugo Marquez;M;25
1;28187;Terry Alvarado;M;38
1;28117;Weston Dawson;M;24
1;28042;Chris Mann;M;28
1;28942;Zachariah Dominguez;M;26
1;28609;Johnathon Hale;M;28
1;27439;Rodrigo Miles;M;20
1;27500;Kelvin Thornton;M;22
1;27291;Dean Terry;M;26
1;27304;Reginald Neal;M;24
1;26483;Terrance Espinoza;F;19
1;26580;Camron Griffith;M;24
1;27631;Ronaldo Bender;M;25
1;27669;Jay Hopkins;F;38
1;27672;Clay Page;F;21
1;27675;Rene Padilla;F;26
1;27582;Tyrese Keller;M;28
1;27583;Gerald Haynes;M;27
1;32225;Brittany Carney;F;19
1;32533;Jocelyn Ramirez;F;21
1;32732;Lindsay Powell;F;24
1;32741;Brooklyn Ross;F;24
1;32766;Ashlyn Morales;F;25
1;31101;Keanu Lester;M;24
1;31911;Dayne Levine;M;23
1;27294;Frederick McKinney;M;28
1;24811;Byron Stevenson;M;21
1;27753;Warren Rodgers;M;28
1;28243;Tate McLaughlin;F;25
1;23685;Reid Rojas;M;24
1;28859;Randall Singh;M;21
1;31090;Denzel Barrera;M;27
1;30763;Ibrahim Booth;M;22
1;30764;Justus Kane;M;21
1;30702;Gonzalo Berg;M;25
1;30703;Forrest Pitts;M;26
1;30704;Nehemiah Harrell;M;23
1;31197;Jorden Conway;M;23
1;17887;Darin Strong;M;27
1;31204;Anderson Stein;M;27
1;31113;Kenyon Santana;M;24
1;31094;Reuben Berger;M;20
1;31300;Jan Buckley;M;22
1;31219;Layne McKee;F;28
1;31218;Irving Howe;M;25
1;31259;Kaiden Schaefer;M;24
1;31260;Cale Frost;M;25
1;31484;Simeon Bautista;M;23
1;31488;Bernardo Dougherty;M;23
1;31493;Deion Raymond;M;26
1;31494;Rickey Acevedo;M;20
1;31520;Denver Blackburn;M;22
1;31528;Benito Duffy;M;28
1;31530;Samson Landry;F;19
1;31010;Lamont Orr;M;27
1;31022;Dwight Valenzuela;M;21
1;31024;Kent Winters;M;22
1;31027;Garett Yoder;M;26
1;31040;Infant McCullough;M;20
1;31087;Houston Leach;F;28
1;30120;Salvatore Fuentes;M;27
1;30136;Cullen Shepherd;M;21
1;30150;Agustin Roth;M;21
1;30407;Shamar Pratt;M;25
1;30408;Adolfo McBride;M;24
1;30423;Efrain Lara;M;26
1;30539;Jevon Richard;M;25
1;30540;Jaylan Anthony;M;27
1;29832;Ralph Hoover;M;27
1;23377;Brad Kirby;M;25
1;30584;Clinton Cameron;M;24
1;30585;Emiliano Bridges;M;23
1;30586;Rory Wilkinson;M;25
1;30588;Jamison Skinner;M;19
1;28688;Ronnie Hubbard;M;27
1;29167;Braydon Drake;M;28
1;29169;Nathanial Wilkins;M;24
1;29180;Nasir Morton;M;27
1;28813;Rogelio Duran;M;21
1;29295;Lewis Olsen;M;19
1;29326;Darien Trujillo;M;19
1;29358;Orion Brock;M;21
1;28687;Keshawn Ballard;M;22
1;28624;Dayton Stokes;M;23
1;28626;Rylan Cain;M;23
1;28588;Ulises Shaffer;M;27
1;29420;Quintin Hess;M;23
1;29422;Alfred Cabrera;M;20
1;29424;Ben Roman;M;27
1;29448;Rudy Pham;F;25
1;29427;Brennen Owen;M;18
1;29429;Asher Montoya;F;23
1;29494;Brice Cervantes;F;25
1;29497;Joaquin Lamb;F;23
1;29471;Stefan Li;M;21
1;29476;Sterling Burnett;F;24
1;29459;Tobias Underwood;M;18
1;29460;Daquan Meyers;M;19
1;29430;Nigel Velasquez;M;26
1;29659;Karl Pacheco;M;28
1;29662;Jaron Weiss;M;27
1;29664;Trace Lang;M;19
1;30087;Humberto Ochoa;M;22
1;30089;Everett Nicholson;M;28
1;30090;Dandre Patrick;M;20
1;30093;Easton Cardenas;M;19
1;30096;Vicente Aguirre;M;18
1;23545;Carolyn Ray;F;27
1;31688;Mekhi Rubio;F;20
1;32907;Aaliyah Gibson;F;26
1;32922;Giselle Bryant;F;18
1;32016;Treyvon Davila;M;25
1;30999;Donavan Tanner;M;28
1;30537;Roderick Flowers;M;21
1;30985;Daryl Mercado;M;21
1;30989;Zakary Blackwell;M;23
1;30535;Clarence Bass;M;23
1;31717;Freddie Bernard;M;23
1;31721;Sabastian Mullen;M;22
1;31760;Kavon Rosario;M;26
1;31286;Cristobal Rangel;M;26
1;31122;Emmett Beasley;M;19
1;31151;Clifton Barron;M;25
1;31207;Draven Eaton;M;25
1;31206;Jameson Clay;M;24
1;31485;Sonny Walls;M;20
1;31495;Abdullah Boyle;M;27
1;23382;Marques Sampson;M;28
1;23369;Jasper Holloway;M;24
1;32948;Sadie Porter;F;23
1;32986;Fatima Mason;F;20
1;33082;Wendy Matthews;F;18
1;32935;Gracie Gordon;F;24
1;32012;Brianna Hendrix;F;26
1;32029;Abigail Haas;F;23
1;32915;Allyson Shaw;F;24
1;32632;Chelsea Nguyen;F;23
1;23373;Ahmed Townsend;M;36
1;29957;Dustin McDonald;M;19
1;30081;Carter Wells;M;27
1;29737;Clayton Kennedy;M;27
1;29414;Alec Mendoza;M;20
1;29128;Ivan Alvarez;M;21
1;29053;Johnathan Castillo;M;22
1;29392;Fernando Ruiz;M;19
1;29393;Corey Harrison;M;21
1;29184;Javier Woods;M;19
1;18053;Jalen Sullivan;M;25
1;32838;Mckenna Barnes;F;27
1;32863;Holly Fisher;F;22
1;32629;Arianna Evans;F;28
1;32735;Jordyn Perry;M;21
1;32938;Katelynn Castillo;F;21
1;32916;Cierra Olson;F;25
1;32950;Alison Webb;F;20
1;32954;Nancy Washington;F;20
1;32959;Joanna Snyder;F;24
1;33021;Katrina Henry;F;24
1;33025;Jazmine Vasquez;F;25
1;23832;Raymond Freeman;M;18
1;31600;Tyreek Bean;M;28
1;31607;Raheem Tapia;M;25
1;32210;Autumn Key;F;24
1;32218;Caitlin Kidd;F;22
1;32292;Breanna Johnson;F;26
1;32295;Angela Smith;F;21
1;31706;Jimmie Stuart;M;19
1;31791;Tyrique Maynard;M;25
1;31792;Valentin Brandt;M;24
1;32252;Jacqueline Ferrell;F;26
1;26929;Kadin Huynh;F;19
1;24803;Braedon Kent;M;19
1;31323;Alden Frederick;M;25
1;25919;Tyrone Le;M;19
1;28354;Felix Wolfe;M;28
1;28535;Jayce Poole;F;23
1;28742;Quentin Barrett;M;20
1;28764;Philip Watkins;M;25
1;31050;Remington Browning;M;28
1;33044;Asia McDonald;F;23
1;30557;Demarcus Monroe;M;22
1;27479;Bryson Obrien;M;22
1;31353;Justyn Velazquez;M;27
1;31476;Matteo Hahn;M;28
1;32416;Melanie King;F;25
1;32740;Camryn Gutierrez;F;22
1;32789;Rebekah Long;F;24
1;32908;Natalia Harrison;F;26
1;32920;Nina Owens;F;19
2;31258;Savion Sellers;M;24
2;30728;Howard Chase;M;28
2;30376;Zachery Mendez;M;28
2;30526;Markus Combs;M;27
2;30819;Jairo Foley;M;25
2;30246;Damien Carlson;M;25
2;29862;Andre Rice;M;29
2;29119;Alberto Lawson;M;23
2;27112;Dennis Garza;M;23
2;28826;Jerry Guzman;M;21
2;28958;Leonardo Vargas;M;21
2;28970;Curtis Morrison;M;27
2;28366;Dominick Franklin;M;25
2;28442;Mathew Lawrence;M;26
2;23256;Albert Montgomery;M;26
2;23166;Dante Richards;M;25
2;24153;Nickolas Harvey;M;25
2;25465;Miles Larson;M;26
2;25265;Josue Willis;M;24
1;30748;Irvin Wyatt;M;24
1;30552;Sheldon Massey;M;21
1;30549;Cayden Roberson;F;23
1;30545;Luca Franco;M;27
1;31255;Rahul Hull;M;18
1;30220;Randy Gilbert;F;25
1;30413;Simon Burke;M;27
1;30134;Lance Munoz;M;26
1;30070;Steve Fletcher;M;26
1;29861;Larry Williamson;M;22
1;29145;Tony Oliver;M;20
1;29131;Louis Jensen;M;23
1;29670;Fabian Howell;M;18
1;29134;Julio Wheeler;M;27
1;29122;Brennan Austin;M;22
1;29123;Kaden Bishop;M;27
1;28959;Jimmy Lynch;M;27
1;28966;Gustavo George;M;19
1;28414;Gary Salazar;M;25
1;28198;Brock Jacobs;M;24
1;24549;Allen Chapman;M;27
1;27967;Ty Harper;M;19
1;27119;Drake Greene;M;18
129;31014;Brenton Johns;M;22
2;31700;Johnnie Haley;M;21
1;32595;Adriana Phillips;F;32
1;23690;Seth Stewart;M;29
1;32936;Rachael Mendoza;F;31
1;29088;Roger Benson;M;21
1;28425;Javon Steele;M;35
1;27330;Moises Douglas;M;28
1;27709;Lawrence Rios;M;20
1;32586;Miranda Sanchez;F;33
1;27924;Elvis Summers;M;34
1;28351;Glenn Colon;M;20
1;28125;Billy Warner;M;18
1;31198;Clifford English;M;22
83;27834;Eric King;M;29
1;32178;Jenna Forbes;F;33
1;28027;Terrence Mack;M;25
1;29191;Preston Stevens;M;29
1;23691;Cody Collins;M;19
83;25273;Aaron Wright;M;29
